{"cameraMode":{"drawMode":0,"name":"Shaded","section":"Shading Mode"},"sceneLighting":false,"audioPlay":false,"sceneViewState":{"showFog":true,"showMaterialUpdate":false,"showSkybox":true,"showFlares":true,"showImageEffects":true,"showParticleSystems":true},"in2DMode":false,"pivot":{"x":-3.3874354362487795,"y":-0.5571370124816895,"z":-2.1216320991516115},"rotation":{"x":-0.09577572345733643,"y":-0.9037923216819763,"z":0.27988314628601076,"w":-0.3092763423919678},"size":14.674386978149414,"orthographic":false}